metric,value
MAE,189.9188508716786
RMSE,246.85116686258942
R2,0.8658506308044006
